Workbook

Sheet Read me
A1: Facility Monthly Activity, July 2024–August 2026
A2: Tallowbrook Health
A3: Effective date | B3: 2026-09-05
A4: Purpose | B4: Provide monthly admissions, patient days, ED visits, surgical cases, births, imaging and outpatient visits by facility.
A5: Coverage | B5: See each dataset dictionary and summary. Missing numeric values are excluded, not zero.
A6: Summary interpretation | B6: Descriptive statistics of selected records only. Totals of percentages and adjustment values are not operating KPIs.
A7: Introduction | B7: Monthly activity for all six Tallowbrook facilities from July 2024 through August 2026 (FY2025, FY2026 and the first two months of FY2027). Prepared by Decision Support. Extracted September 5, 2026.
A8: Contents | B8: One row per facility per month (6 facilities x 26 months). Fiscal years run July 1 to June 30.
A9: Coverage and definitions | B9: Inpatient admissions exclude observation stays; patient days are inpatient days at midnight census.
A10: Coverage and definitions | B10: Surgical cases count hospital inpatient and outpatient cases and, for the Surgery Center Grand Parkway, cases reported in the ASC practice-management system.
A11: Coverage and definitions | B11: Imaging exams are counted at completion. Outpatient visits cover clinic, infusion, therapy and lab draw visits and exclude ED visits and imaging exams.
A12: Coverage and definitions | B12: Facilities without a service report zero for that measure (for example, births outside Medical Center West).
A13: Known differences from other reports | B13: Patient days here are lower than census-days in the unit census extract, which includes observation patients in inpatient beds. The difference has run about 6% to 9% each month in 2026.
A14: Known differences from other reports | B14: July 2024 outpatient volumes at the Pavilion, Stafford and Mission Bend were reduced by storm-related closures.
A15: Known differences from other reports | B15: Staffed bed counts used for occupancy are 192 at Medical Center West and 96 at Hospital Fort Bend.

Sheet Summary
A1: Dataset | B1: Measure | C1: Unit | D1: Total | E1: Mean | F1: Records | G1: Period start | H1: Period end
A2: Facility Monthly Activity | B2: inpatient_admissions | C2: admissions | D2: =SUM('Data 1'!D2:D157) -> 36013 | E2: =IF(COUNT('Data 1'!D2:D157)=0,0,AVERAGE('Data 1'!D2:D157)) -> 230.85256 | F2: =COUNT('Data 1'!D2:D157) -> 156 | G2: 2024-07-01 | H2: 2026-08-31
A3: Facility Monthly Activity | B3: patient_days | C3: days | D3: =SUM('Data 1'!E2:E157) -> 160996 | E3: =IF(COUNT('Data 1'!E2:E157)=0,0,AVERAGE('Data 1'!E2:E157)) -> 1032.0256 | F3: =COUNT('Data 1'!E2:E157) -> 156 | G3: 2024-07-01 | H3: 2026-08-31
A4: Facility Monthly Activity | B4: ed_visits | C4: visits | D4: =SUM('Data 1'!F2:F157) -> 226605 | E4: =IF(COUNT('Data 1'!F2:F157)=0,0,AVERAGE('Data 1'!F2:F157)) -> 1452.5962 | F4: =COUNT('Data 1'!F2:F157) -> 156 | G4: 2024-07-01 | H4: 2026-08-31
A5: Facility Monthly Activity | B5: surgical_cases | C5: cases | D5: =SUM('Data 1'!G2:G157) -> 41432 | E5: =IF(COUNT('Data 1'!G2:G157)=0,0,AVERAGE('Data 1'!G2:G157)) -> 265.58974 | F5: =COUNT('Data 1'!G2:G157) -> 156 | G5: 2024-07-01 | H5: 2026-08-31
A6: Facility Monthly Activity | B6: births | C6: births | D6: =SUM('Data 1'!H2:H157) -> 5223 | E6: =IF(COUNT('Data 1'!H2:H157)=0,0,AVERAGE('Data 1'!H2:H157)) -> 33.480769 | F6: =COUNT('Data 1'!H2:H157) -> 156 | G6: 2024-07-01 | H6: 2026-08-31
A7: Facility Monthly Activity | B7: imaging_exams | C7: exams | D7: =SUM('Data 1'!I2:I157) -> 564092 | E7: =IF(COUNT('Data 1'!I2:I157)=0,0,AVERAGE('Data 1'!I2:I157)) -> 3615.9744 | F7: =COUNT('Data 1'!I2:I157) -> 156 | G7: 2024-07-01 | H7: 2026-08-31
A8: Facility Monthly Activity | B8: outpatient_visits | C8: visits | D8: =SUM('Data 1'!J2:J157) -> 391033 | E8: =IF(COUNT('Data 1'!J2:J157)=0,0,AVERAGE('Data 1'!J2:J157)) -> 2506.6218 | F8: =COUNT('Data 1'!J2:J157) -> 156 | G8: 2024-07-01 | H8: 2026-08-31

Sheet Dictionary
A1: Dataset | B1: Field | C1: Definition | D1: Unit | E1: Type | F1: Reference
A2: Facility Monthly Activity | B2: record_id | C2: Row identifier | E2: id
A3: Facility Monthly Activity | B3: facility | C3: Facility name | E3: category
A4: Facility Monthly Activity | B4: month_start | C4: First day of the reporting month | E4: date
A5: Facility Monthly Activity | B5: inpatient_admissions | C5: Inpatient admissions (excludes observation) | D5: admissions | E5: integer
A6: Facility Monthly Activity | B6: patient_days | C6: Inpatient days at midnight census | D6: days | E6: integer
A7: Facility Monthly Activity | B7: ed_visits | C7: Emergency department visits | D7: visits | E7: integer
A8: Facility Monthly Activity | B8: surgical_cases | C8: Surgical cases (inpatient, hospital outpatient or ASC) | D8: cases | E8: integer
A9: Facility Monthly Activity | B9: births | C9: Live births | D9: births | E9: integer
A10: Facility Monthly Activity | B10: imaging_exams | C10: Imaging exams performed | D10: exams | E10: integer
A11: Facility Monthly Activity | B11: outpatient_visits | C11: Other outpatient visits (clinic, infusion, therapy, lab draw) | D11: visits | E11: integer

Sheet Data 1
A1: record_id | B1: facility | C1: month_start | D1: inpatient_admissions | E1: patient_days | F1: ed_visits | G1: surgical_cases | H1: births | I1: imaging_exams | J1: outpatient_visits
A2: facility_month-000001 | B2: Medical Center West | C2: 2024-07-01 | D2: 871 | E2: 4131 | F2: 5218 | G2: 642 | H2: 196 | I2: 9373 | J2: 2683
A3: facility_month-000002 | B3: Medical Center West | C3: 2024-08-01 | D3: 894 | E3: 4038 | F3: 5267 | G3: 687 | H3: 213 | I3: 9835 | J3: 2613
A4: facility_month-000003 | B4: Medical Center West | C4: 2024-09-01 | D4: 856 | E4: 4036 | F4: 4961 | G4: 651 | H4: 175 | I4: 9342 | J4: 2563
A5: facility_month-000004 | B5: Medical Center West | C5: 2024-10-01 | D5: 929 | E5: 4210 | F5: 4972 | G5: 738 | H5: 201 | I5: 9804 | J5: 2608
A6: facility_month-000005 | B6: Medical Center West | C6: 2024-11-01 | D6: 874 | E6: 4110 | F6: 4828 | G6: 652 | H6: 218 | I6: 9084 | J6: 2609
A7: facility_month-000006 | B7: Medical Center West | C7: 2024-12-01 | D7: 943 | E7: 4477 | F7: 5463 | G7: 796 | H7: 206 | I7: 9297 | J7: 2580
A8: facility_month-000007 | B8: Medical Center West | C8: 2025-01-01 | D8: 1032 | E8: 4772 | F8: 5718 | G8: 661 | H8: 173 | I8: 9849 | J8: 2812
A9: facility_month-000008 | B9: Medical Center West | C9: 2025-02-01 | D9: 952 | E9: 4447 | F9: 4981 | G9: 642 | H9: 187 | I9: 8801 | J9: 2514
A10: facility_month-000009 | B10: Medical Center West | C10: 2025-03-01 | D10: 959 | E10: 4427 | F10: 5218 | G10: 726 | H10: 220 | I10: 9822 | J10: 2721
A11: facility_month-000010 | B11: Medical Center West | C11: 2025-04-01 | D11: 871 | E11: 3981 | F11: 4905 | G11: 662 | H11: 183 | I11: 9556 | J11: 2670
A12: facility_month-000011 | B12: Medical Center West | C12: 2025-05-01 | D12: 946 | E12: 4243 | F12: 5104 | G12: 731 | H12: 222 | I12: 9917 | J12: 2668
A13: facility_month-000012 | B13: Medical Center West | C13: 2025-06-01 | D13: 868 | E13: 3965 | F13: 4899 | G13: 714 | H13: 208 | I13: 9505 | J13: 2612
... A157: facility_month-000156 | B157: Urgent & Family Care Mission Bend | C157: 2026-08-01 | D157: 0 | E157: 0 | F157: 0 | G157: 0 | H157: 0 | I157: 486 | J157: 3650
